Nome,Marca,Sabor,Peso,Preço,Preço original,Preço médio
Creatina 1100mg,DUOM,,120 caps,,"0,00","35,00"
Whey Protein Concentrado ,DUX,Morango , 900g,,"199,90","169,95"
Whey Protein Concentrado ,DUX,Coco , 900g,,"199,90","169,95"
Whey Protein Isolado ,DUX,Morango , 900g,,"288,9","246,69"
Whey Protein Isolado ,DUX,Coco , 900g,,"288,9","246,69"
Whey Protein Isolado ,DUX,Cappuccino , 900g,,"288,9","246,69"
Whey Protein ISO 100 Hydrolyzed ,DYMATIZE ,Cookies & Cream ,"2,3Kg",,"0,00","339,95"
Whey Protein ISO 100 Hydrolyzed ,DYMATIZE ,Chocolate,"2,3Kg",,"0,00","339,95"
Creatina Creadop Serie Sport ,ELEMENTO PURO,,300g,,149,"144,47"
Creatina Creapure ,ELEMENTO PURO,,300g,,289,"256,94"
Wheydop 3W ,ELEMENTO PURO,Baunilha Caramelizada , 900g,,299,"252,36"
Wheydop 3W ,ELEMENTO PURO,Cookies & Cream , 900g,,299,"252,36"
Wheydop 3W ,ELEMENTO PURO,Banoffee , 900g,,299,"252,36"
Wheydop 3W ,ELEMENTO PURO,Chocolate Maltado , 900g,,299,"252,36"
Wheydop 3W ,ELEMENTO PURO,Morango com Leite Condensado  , 900g,,299,"252,36"
Wheydop X ,ELEMENTO PURO,Leite em Pó , 900g,,299,"259,06"
Wheydop X ,ELEMENTO PURO,Doce de leite , 900g,,299,"258,55"
Wheydop X ,ELEMENTO PURO,Leite Condensado , 900g,,299,"257,50"
Wheydop X ,ELEMENTO PURO,Creme de Avelã , 900g,,299,"259,00"
Whey Juicedop ,ELEMENTO PURO,Tangerina com Chá Branco , 450g,,289,"274,45"
Whey Juicedop ,ELEMENTO PURO,Morango com Hibisco , 450g,,289,"279,50"
Whey Juicedop ,ELEMENTO PURO,Manga Crazy , 450g,,289,"259,50"
Wheydop ISO ,ELEMENTO PURO,Baunilha Caramelizada , 900g,,349,"277,36"
Wheydop ISO ,ELEMENTO PURO,Morango com Leite Condensado  , 900g,,349,"297,66"
Wheydop ISO ,ELEMENTO PURO,Chocolate belga , 900g,,349,"255,05"
Wheydop ISO,ELEMENTO PURO,Café Mocha , 900g,,349,"299,45"
Wheydop ISO ,ELEMENTO PURO,Banana e Canela , 900g,,349,"299,45"
Wheydop ISO ,ELEMENTO PURO,Açai e Morango , 900g,,349,"299,45"
Wheydop ISO ,ELEMENTO PURO,Arroz doce , 900g,,349,"255,05"
Super Ômega 3 TG 1000mg,ESSENTIAL,, 90 caps,,165,"163,05"
Super Ômega 3 TG 1000mg,ESSENTIAL,,180 caps,,260,"210,55"
Super Ômega 3 TG 1000mg,ESSENTIAL,, 60 caps,,125,"143,05"
Whey ,ESSENTIAL,Vanilla , 450g,,237,"199,05"
Whey ,ESSENTIAL,Vanilla , 900g,,410,"285,55"
Whey ,ESSENTIAL,Cappuccino , 448g,,237,"199,05"
Whey ,ESSENTIAL,Espresso , 462g,,237,"199,05"
H.I Whey ,ESSENTIAL,, 375g,,237,"199,05"
Super Ômega 3 TG 500mg,ESSENTIAL,,120 caps,,145,"153,05"
Immuno Veggie ,ESSENTIAL,Chocolate ," 512,4g",,255,"208,05"
Whey ,ESSENTIAL,Cacao , 450g,,237,"199,05"
Whey ,ESSENTIAL,Cacao , 900g,,410,"285,55"
Creatina Creapure ,EVERLAST,, 200g,,"159,9","152,94"
Creatina Alcalina Kre,INTERNATIONAL PROTEIN,, 200g,,"0,00","148,50"
Creatina ,NUTRIFY,, 300g,,"113,32","113,03"
Creatina Creapure ,OPTIMUM NUTRITION,, 300g,,"228,15","187,58"
Whey 100% Gold Standard ,OPTIMUM NUTRITION,Vanilla Ice cream , 907g,,"309,91","259,91"
Whey 100% Gold Standard ,OPTIMUM NUTRITION,Strawberry , 907g,,"309,91","264,96"
Platinum Hydro Whey ,OPTIMUM NUTRITION,Chocolate , 820g,,"437,56",
Platinum Hydro Whey ,OPTIMUM NUTRITION,Vanilla , 800g,,,
Whey Protein ,PURA VIDA,Vanilla , 450g,,,
Whey Protein ,PURA VIDA,Vanilla , 450g,,,
Ômega 3 Fosfatix ,PURA VIDA,,60 caps,,,
Grassfed Whey Protein ,PURA VIDA,Framboesa , 900g,,,
Ômega 3 EPA DHA ,PURA VIDA,,60 caps,,,
Vegan Protein ,PURA VIDA,Neutro , 450g,,,
Grassfed Whey Protein ,PURA VIDA,Chocolate Belga , 450g,,,
Grassfed Whey Protein ,PURA VIDA,Framboesa , 450g,,,
Ômega 3 DHA ,PURA VIDA,,60 caps,,,
Vegan Ômega 3 DHA ,PURA VIDA,,60 caps,,,
Creatina Premium ,PURA VIDA,,300g,,,
Whey Isolado Nectar ,SYNTRAX,"Abacaxi, Coco e banana", 907g,,,
Whey Isolado Nectar ,SYNTRAX,Laranja e Pêssego, 907g,,,
Whey Isolado Nectar ,SYNTRAX,Morango com Kiwi, 907g,,,
Whey Isolado Nectar Sweets ,SYNTRAX,Oreo, 907g,,,
Whey Isolado Nectar Sweets ,SYNTRAX,Trufa de chocolate , 907g,,,
Whey Isolado Nectar Sweets ,SYNTRAX,Mousse de Morango, 907g,,,
Whey Protein Isolado ,VITAFOR,Chocolate , 900g,,,
Omegafor Plus ,VITAFOR,,120 caps,,,
Omegafor Plus ,VITAFOR,,60 caps,,,
Omegafor Vision ,VITAFOR,,60 caps,,,
Creatina Monohidratada (creatine) ,VITAFOR,,300g,,,
Ômega 3 EPA DHA ,VITAFOR,,120 caps,,,
Whey Protein Isolado ,VITAFOR,Baunilha , 900g,,,
Whey Protein Isolado ,VITAFOR,Neutro , 900g,,,
Mega DHA ,VITAFOR,,60 caps,,,
Mega DHA ,VITAFOR,,120 caps,,,
Ômega 3 EPA DHA ,VITAFOR,,60 caps,,,
Ômega For Vegan 400mg,VITAFOR,,60 caps,,,
Whey Protein Isolado ,VITAFOR,Frutas Vermelhas,900g,,,
Creatina ,UNDER LABZ,, 300g,,,
Creatina ,TOPWAY,, 210g,,,
Creatina ,TRUE SOURCE,, 300g,,,
Creatina ,ADAPTOGEN,, 300g,,,
True Whey hidrolisado e isolado ,TRUE SOURCE,Coconut Ice cream , 837g,,,
True Whey hidrolisado e isolado ,TRUE SOURCE,Chocolate com Avelã, 837g,,,
True Whey hidrolisado e isolado ,TRUE SOURCE,Dark chocolate , 837g,,,
True Whey hidrolisado e isolado ,TRUE SOURCE,Natural , 728g,,,
True Whey hidrolisado e isolado ,TRUE SOURCE,Pistache ,837g,,,
True Whey hidrolisado e isolado ,TRUE SOURCE,Baunilha Creme Broule , 837g,,,
Whey Protein 3W ,TOPWAY,Cookies , 900g,,,
Whey Protein 3W ,TOPWAY,Baunilha , 900g,,,
Whey Protein 3W ,TOPWAY,Chocolate com Avelã, 900g,,,
Whey Protein 3W ,TOPWAY,Chocolate , 900g,,,
Whey Protein 3W ,TOPWAY,Morango , 900g,,,
Whey Protein 3W ,TOPWAY,Cookies com Torta de Limão , 900g,,,
Whey Protein 3W ,TOPWAY,Leite em pó com Cookies, 900g,,,
Adapto Whey 2W ,ADAPTOGEN,Baunilha , 900g,,,
Adapto Whey 2W ,ADAPTOGEN,Cookies , 900g,,,
Adapto Whey 2W ,ADAPTOGEN,Morango , 900g,,,
Adapto Whey 2W ,ADAPTOGEN,Chocolate , 900g,,,
Adapto Whey 2W ,ADAPTOGEN,Coco , 900g,,,
Tasty Whey 3W ,ADAPTOGEN,Chocolate , 900g,,,
Tasty Whey 3W ,ADAPTOGEN,Morango , 900g,,,
Tasty Whey 3W ,ADAPTOGEN,Pasta de amendoim , 900g,,,
Tasty Whey 3W ,ADAPTOGEN,Chocotela , 900g,,,
Tasty Whey 3W ,ADAPTOGEN,Coco , 900g,,,
Tasty Whey 3W ,ADAPTOGEN,Doce de leite , 900g,,,
Tasty Whey 3W ,ADAPTOGEN,Iogurte , 900g,,,
Tasty Whey 3W ,ADAPTOGEN,Baunilha , 900g,,,
Tasty Whey 3W ,ADAPTOGEN,Mousse de Maracujá , 900g,,,
Gold Whey ,ADAPTOGEN,Chocotela , 900g,,,
Gold Whey ,ADAPTOGEN,Doce de leite , 900g,,,
Gold Whey ,ADAPTOGEN,Cookies , 900g,,,
Gold Whey ,ADAPTOGEN,Morango , 900g,,,
Gold Whey ,ADAPTOGEN,Chocolate , 900g,,,
Creatina ,MUKE,Limonada,210g,,,
Creatina ,MUKE,Sem Sabor,210g,,,
Creatina ,MUKE,Melancia,210g,,,
Creatina ,MUKE,Pink Lemonade,210g,,,
Refil Whey Protein Isolado,MUKE,Chocolate ,900g,,,
Refil Whey Protein Isolado,MUKE,Baunilha,900g,,,
Refil Whey Protein Isolado,MUKE,Cookies & Cream ,900g,,,
Refil Whey Protein Concentrado,MAIS MU,Chocolate ,900g,,,
Refil Whey Protein Vegetal,MUKE,Chocolate com Avelã,900g,,,
Refil Whey Protein Vegetal,MUKE,Torta de Banana com Canela,900g,,,
Refil Whey Protein Vegetal,MUKE,Caramel Macchiato,900g,,,
Whey Protein Vegetal,MUKE,Chocolate com Avelã,450g,,,
Whey Protein Vegetal,MUKE,Torta de Banana com Canela,450g,,,
Whey Protein Vegetal,MUKE,Caramel Macchiato,450g,,,
Whey Protein Isolado,MUKE,Baunilha,450g,,,
Whey Protein Isolado,MUKE,Chocolate,450g,,,
Whey Protein Isolado,MUKE,Brownie ,450g,,,
Whey Protein Isolado,MUKE,Cookies & Cream ,450g,,,
Creatina ,INTEGRAL MÉDICA,,300g,,,
Refil WHEY 100% PURE,INTEGRAL MÉDICA,Chocolate,"1,8Kg",,,
Refil WHEY 100% PURE,INTEGRAL MÉDICA,Baunilha,"1,8Kg",,,
Refil WHEY 100% PURE,INTEGRAL MÉDICA,Morango ,"1,8Kg",,,
Refil Whey 100%,INTEGRAL MÉDICA,Chocolate,900g,,,
Refil Whey 100%,INTEGRAL MÉDICA,Cookies & Cream ,900g,,,
Refil Whey 100%,INTEGRAL MÉDICA,Morango ,900g,,,
Creatina ,ATLHETICA NUTRITION,,300g,,,
Best Whey,ATLHETICA NUTRITION,Morango ,900g,,,
Best Whey,ATLHETICA NUTRITION,Baunilha,900g,,,
100% Whey Flavour,ATLHETICA NUTRITION,Chocolate,900g,,,
100% Whey Flavour,ATLHETICA NUTRITION,Leite ,900g,,,
100% Whey Flavour,ATLHETICA NUTRITION,Cookies & Cream ,900g,,,
100% Whey Flavour,ATLHETICA NUTRITION,Baunilha,900g,,,
Whey Protein 100% Concentrado,NEW MILLEN,Doce de leite,900g,,,
Whey Protein 100% Concentrado,NEW MILLEN,Açai com banana,900g,,,
Creatina ,TUFF LABS,,300g,,,
Whey Protein Isolado Muscle Guard,TUFF LABS,Baunilha,450g,,,
Whey Protein Isolado Muscle Guard,TUFF LABS,Morango ,450g,,,
Whey Protein Isolado Muscle Guard,TUFF LABS,Neutro,450g,,,
Whey Protein Isolado Muscle Guard,TUFF LABS,Chocolate,450g,,,
Creatina ,DARKNESS,,200g,,,
Whey Protein 100% Concentrado,DARKNESS,Chocolate,"1,2Kg",,,
Whey Protein 100% Concentrado,DARKNESS,Morango ,"1,2Kg",,,
Creatina ,BLK PERFORMANCE,,300g,,,
Creatina ,HI-TECH,,400g,,,
Whey Protein 100% Elite,DYMATIZE,Cookies & Cream ,907g,,,
Whey Protein 100% Elite,DYMATIZE,Baunilha,907g,,,
Whey Protein 100% Elite,DYMATIZE,Chocolate,907g,,,
Whey Protein 100% gold,MUSCLE TECH,Cookies & Cream ,907g,,,
Whey Protein 100% gold,MUSCLE TECH,Torta de morango,907g,,,
Whey Protein 100% gold,MUSCLE TECH,Baunilha,907g,,,
Whey Fort 3W,VITAFOR,Baunilha,907g,,,
Whey Fort 3W,VITAFOR,Chocolate,907g,,,
Whey 100% Pure,INTEGRAL MÉDICA,Morango,900g,,,
Whey 100% Pure,INTEGRAL MÉDICA,Baunilha,900g,,,
Whey 100% Pure,INTEGRAL MÉDICA,Cookies & Cream ,900g,,,
Pré-treino Insane original,DEMONS LABS,Orange Demons,300g,,,
Pré-treino Insane original,DEMONS LABS,Isane Grape,300g,,,
Pré-treino Insane original,DEMONS LABS,Fruit Punch,300g,,,
Pré-treino Psichotic T-Xterone,DEMONS LABS,Fruit Energy ,245g,,,
Pré-treino Demondrene E.E. Revolutionary,DEMONS LABS,Fruit Punch,300g,,,
Pré-treino X7,ATLHETICA NUTRITION,Frutas Vermelhas,300g,,,
Pré-treino X7,ATLHETICA NUTRITION,Citrus,300g,,,
Pré-treino Évora PW,DARKNESS,Limão,150g,,,
Pré-treino Évora PW,DARKNESS,Maçã Verde,150g,,,
Pré-treino Évora PW,DARKNESS,Uva,150g,,,
Pré-treino Évora PW,DARKNESS,Frutas Vermelhas,150g,,,
Pré-treino Évora PW,DARKNESS,Frutas Amarelas,150g,,,
Pré-treino Évora PW,DARKNESS,Limão,300g,,,
Pré-treino Évora PW,DARKNESS,Maçã Verde,300g,,,
Pré-treino Iron,ABSOLUT NUTRITION,Laranja,150g,,,
Pré-treino Iron,ABSOLUT NUTRITION,Limão,150g,,,
Pré-treino Panic Pre Workout ,ADAPTOGEN,Limonada,300g,,,
Pré-treino Panic Pre Workout ,ADAPTOGEN,Melancia,300g,,,
Pré-treino Panic Pre Workout ,ADAPTOGEN,Fruit Punch,300g,,,
Pré-treino Panic Pre Workout ,ADAPTOGEN,Manga e Laranja,300g,,,
Pré-treino Panic Pre Workout ,ADAPTOGEN,Uva,300g,,,
Pré-treino Psichotic Demon Black ,DEMONS LABS,Fruit Punch,400g,,,
Pré-treino Psichotic Dragon,DEMONS LABS,Fruit Punch,500g,,,
Pré-treino Psichotic Dragon,DEMONS LABS,Fruit Punch,300g,,,
Pré-treino Psichotic Dragon,DEMONS LABS,Frutas Vermelhas,300g,,,
Pré-treino Psichotic Dragon,DEMONS LABS,Laranja,300g,,,
Pré-treino Psichotic Dragon,DEMONS LABS,Fruit Punch,500g,,,
Pré-treino Froza Max,BIO-SPORT,Uva,300g,,,
Pré-treino Nitra Fuel,UNDER LABZ,Maçã Verde,300g,,,
Pré-treino Nitra Fuel,UNDER LABZ,Pink Lemonade,300g,,,
Pré-treino Huger,INTEGRAL MÉDICA,,300g,,,
Pré-treino Magic Pre Workout,ADAPTOGEN,Abacaxi,183g,,,
Pré-treino Magic Pre Workout,ADAPTOGEN,Maçã Verde,183g,,,
Pré-treino Magic Pre Workout,ADAPTOGEN,Limão,183g,,,
Pré-treino Magic Pre Workout,ADAPTOGEN,Manga com Laranja,183g,,,
Colágeno Collagen Renew Hidrolisado 100%,NUTRIFY,Jabuticaba,300g,,,
Colágeno Collagen Renew Hidrolisado 100%,NUTRIFY,Laranja,300g,,,
Bodyprotein Collagen Pro Colágeno Hidrolisado 18g,NUTRIFY,Chá mate com Pêssego,450g,,,
Bodyprotein Collagen Pro Colágeno Hidrolisado 18g,NUTRIFY,Baunilha,450g,,,
Bodyprotein Collagen Pro Colágeno Hidrolisado 18g,NUTRIFY,Chocolate belga,450g,,,
Bodyprotein Collagen Pro Colágeno Hidrolisado 18g,NUTRIFY,Chá branco com Lichia,450g,,,
Bodyprotein Collagen Protein Beuty Hidrolizado,TRUE SOURCE,Manga,450g,,,
Colágeno Collagen Resilience,ESSENTIAL,Maracujá,300g,,,
Colágeno Collagen Gut,ESSENTIAL,Laranja e Blueberry,400g,,,
Colágeno Collagen Skin,ESSENTIAL,Limão Siciliano,330g,,,
Colágeno Collagen Skin,ESSENTIAL,Neutro,330g,,,
Colágeno Collagen Skin,ESSENTIAL,Cranberry,330g,,,
Colágeno Collagen Flex Beauty,PURA VIDA,,60 caps,,,
Immune Up 100% ,NUTRIFY,"Propolis, Mel e Limão",200g,,,
Próbiotico Purabiotics,PURA VIDA,,30 caps,,,
Hipercalórico Sinistermass Hypercaloric,INTEGRAL MÉDICA,Morango,3Kg,,,
Hipercalórico Sinistermass Hypercaloric,INTEGRAL MÉDICA,Chocolate,3Kg,,,
Hipercalórico Sinistermass Hypercaloric,INTEGRAL MÉDICA,Cookies,3Kg,,,
Hipercalórico Sinistermass Hypercaloric,INTEGRAL MÉDICA,Baunilha,3Kg,,,
Aminoácido Nitra Amino Sport,ADAPTOGEN,Tangerina,201g,,,
Aminoácido Nitra Amino Sport,ADAPTOGEN,Manga e Laranja,201g,,,
Aminoácido Nitra Amino Sport,ADAPTOGEN,Maçã Verde,201g,,,
Aminoácido Amino EAAS 10:1:1,BLK PERFORMANCE,Pink Lemonade,300g,,,
Aminoácido Amino Hard 10,DARKNESS,Frutas Vermelhas,200g,,,
Aminoácido Amino Hard 10,DARKNESS,Frutas Amarelas,200g,,,
Pré-treino Exquenta,MUKE,Amora,500g,,,
Barra Proteica,BOLD,Café e Doce de Leite ,12 unid,,,
Barra Proteica,BOLD,Berries e Crispies,12 unid,,,
Barra Proteica,BOLD,Brownie e Crispies,12 unid,,,
Barra Proteica,BOLD,Bombom Crocante,12 unid,,,
Barra Proteica,BOLD,Cookies Black,12 unid,,,
Barra Proteica,BOLD,Torta de Limão,12 unid,,,
Barra Proteica,BOLD,Leite e Avelã,12 unid,,,
Barra Proteica,BOLD,Pão de Mel,12 unid,,,
Barra Proteica,BOLD,Cookies & Cream ,12 unid,,,
Barra Proteica,BOLD,Paçoca e Chocolate,12 unid,,,
Barra Proteica,BOLD,Banoffee,12 unid,,,
Barra Proteica,BOLD,Trufa de Chocolate,12 unid,,,
Barra Proteica,BOLD,Floresta Negra,12 unid,,,
Barra Proteica Thin,BOLD,Cookies & Cream ,12 unid,,,
Barra Proteica Thin,BOLD,Bombom de Coco,12 unid,,,
Barra Proteica Thin,BOLD,Caramelo & Amendoim,12 unid,,,
Barra Proteica Thin,BOLD,Cookies & Cream ,12 unid,,,
Barra Proteica Tub,BOLD,Paçoca,12 unid,,,
Barra Proteica Tub,BOLD,Avelã,12 unid,,,
Barra Proteica Tub,BOLD,Trufa de Chocolate,12 unid,,,
Barra Proteica Proto Wafer,NUTRATA,Morango,12 unid,,,
Barra Proteica Proto Wafer,NUTRATA,Chocolate Belga,12 unid,,,
Barra Proteica ProteinBar,TOPWAY,"Banana, Amendoim, Chocolate e Whey",12 unid,,,
Barra Proteica Whey Grego,NUTRATA,Brigadeiro,12 unid,,,
Barra Proteica Whey Grego,NUTRATA,Doce de Leite,12 unid,,,
Barra Proteica Whey Grego,NUTRATA,Doce de Leite e Limão Siciliano,12 unid,,,
Barra Proteica Whey Grego,NUTRATA,Doce de Leite e Morango,12 unid,,,
Barra Proteica Proto Bar,NUTRATA,Doce de Leite,8 unid,,,
Barra Proteica Proto Bar,NUTRATA,Brownie de Chocolate com Doce de Leite,8 unid,,,
Barra Proteica Natural Protein Bar,PURA VIDA,Caramelo & Amendoim,12 unid,,,
Barra Proteica Natural Protein Bar,PURA VIDA,Cacau e Avelã,12 unid,,,
Barra Proteica Natural Protein Bar,PURA VIDA,Chocolate com Limão,12 unid,,,
Barra Proteica Natural Protein Bar,PURA VIDA,Brownie e Amêndoas,12 unid,,,
Barra Proteica Naked Bites,NAKED NUTS,Wafer de Chocolate,12 unid,,,
Barra Proteica Naked Bites,NAKED NUTS,Wafer Branco,12 unid,,,
Barra Proteica Collagen Bar,NUTRIFY,Brownie de Chocolate,10 unid,,,
Barra Proteica Collagen Bar,NUTRIFY,Banoffee,10 unid,,,
Barra Proteica Collagen Bar,NUTRIFY,Torta de Limão,10 unid,,,
Barra Proteica Collagen Bar,NUTRIFY,Cheesecake de Frutas Vermelhas,10 unid,,,
Barra Proteica Veganpro Bar,NUTRIFY,Baunilha,10 unid,,,
Barra Proteica Veganpro Bar,NUTRIFY,Cacau,10 unid,,,
Barra Proteica Veganpro Bar,NUTRIFY,Amendoim Crocante,10 unid,,,
Barra Proteica Cleanpro Bar,NUTRIFY,Baunilha,10 unid,,,
Barra Proteica Cleanpro Bar,NUTRIFY,Chocolate com Cranberry e Castanha de Caju,10 unid,,,
Barra Proteica Push Bar,INTEGRAL MÉDICA,Chocolate Duplo,12 unid,,,
Barra Proteica Protein Crisp,INTEGRAL MÉDICA,Manteiga de Amendoim,12 unid,,,
Barra Proteica Protein Crisp,INTEGRAL MÉDICA,Trufa de Avelã,12 unid,,,
Barra Proteica Protein Crisp,INTEGRAL MÉDICA,Torta de Limão,12 unid,,,
Barra Proteica Protein Crisp,INTEGRAL MÉDICA,Doce de Coco,12 unid,,,
Barra Proteica Protein Crisp,INTEGRAL MÉDICA,Churros com Doce de Leite,12 unid,,,
Barra Proteica Protein Crisp,INTEGRAL MÉDICA,Leite Ninho com Creme de Avelã,12 unid,,,
Barra Proteica Protein Crisp,INTEGRAL MÉDICA,Duo Crunch,12 unid,,,
Barra Proteica Sensah!,FLORMEL,Pasta de Amendoim,16 unid,,,
Barra Proteica Best Whey 49g (12g de Proteína),ATLHETICA NUTRITION,Cookies & Cream ,12 unid,,,
Barra Proteica Best Whey 49g (12g de Proteína),ATLHETICA NUTRITION,Duo Branco e Ao Leite,12 unid,,,
Barra Proteica Best Whey 49g (12g de Proteína),ATLHETICA NUTRITION,Pão de Mel,12 unid,,,
Barra Proteica Best Whey 49g (12g de Proteína),ATLHETICA NUTRITION,Torta de Limão,12 unid,,,
Barra Proteica Best Whey 49g (12g de Proteína),ATLHETICA NUTRITION,Morango,12 unid,,,
Barra Proteica Best Whey 49g (12g de Proteína),ATLHETICA NUTRITION,Manteiga de Amendoim,12 unid,,,
Barra Proteica Best Whey 49g (12g de Proteína),ATLHETICA NUTRITION,Cheesecake de Maracujá,12 unid,,,
Barra Proteica Best Whey 49g (12g de Proteína),ATLHETICA NUTRITION,Torta de Chocolate Branco,12 unid,,,
Barra Proteica Best Whey 62g (15g de Proteína,ATLHETICA NUTRITION,Cheesecake de Morango,12 unid,,,
Barra Proteica Best Whey 62g (15g de Proteína),ATLHETICA NUTRITION,Crocante de Caramelo,12 unid,,,
Barra Proteica Best Whey 62g (15g de Proteína),ATLHETICA NUTRITION,Chocolate Crocante,12 unid,,,
Barra Proteica Best Whey Wafer,ATLHETICA NUTRITION,Chocolate,12 unid,,,
Barra Proteica Best Whey Wafer,ATLHETICA NUTRITION,Morango,12 unid,,,
Barra Proteica Crush Bar,MAIS MU,Morango,12 unid,,,
Barra Proteica Crush Bar,MAIS MU,Chocolate com Avelã,12 unid,,,
Barra Proteica Crush Bar,MAIS MU,Cookies & Cream ,12 unid,,,
Barra Proteica Whey Crisp Bar,NEW MILLEN,Trufa de Coco,12 unid,,,
Barra Proteica Whey Crisp Bar,NEW MILLEN,Creme de Avelã,12 unid,,,
Barra Proteica Whey Crisp Bar,NEW MILLEN,Morango,12 unid,,,
Barra Proteica Vegan Radiance Joy,ESSENTIAL,Torta de Limão,8 unid,,,
Barra Proteica Vegan Radiance Joy,ESSENTIAL,Chocolate,8 unid,,,
Barra Proteica Choco Wheyfer,MAIS MU,Cookies & Cream ,12 unid,,,
Barra Proteica Choco Wheyfer,MAIS MU,Chocolate Branco,12 unid,,,
Barra Proteica Mukebar,MAIS MU,Pão de Mel,12 unid,,,
Barra Proteica Mukebar,MUKE,Chocolate,12 unid,,,
Barra Proteica Dark Bar,DARKNESS,Manteiga de Amendoim com Amendoim,8 unid,,,
Barra Proteica Dark Bar,DARKNESS,Chocolate Meio Amargo com Castanhas,8 unid,,,
Barra Proteica Dark Bar,DARKNESS,Creme de Coco com Castanha,8 unid,,,
Barra Proteica Dark Bar,DARKNESS,Chocolate Ao Leite com Chocolate Chips,8 unid,,,
Barra Proteica Dark Bar,DARKNESS,Flocos com Chocolate Chips,8 unid,,,
Barra Proteica Dark Bar,DARKNESS,Cookies & Cream ,8 unid,,,
Barra Proteica Dark Bar,DARKNESS,Doce de Leite com Chocolate Chips,8 unid,,,
100% Whey Flavour,ATLHETICA NUTRITION,Baunilha,900g,,,
Whey Protein 3W ,TOPWAY,Doce de Leite em pó,900g,,,
Best Whey,ATLHETICA NUTRITION,Mousse de Maracujá,900g,,,
Best Whey,ATLHETICA NUTRITION,Cookies & Cream ,900g,,,
Best Whey,ATLHETICA NUTRITION,Churros,900g,,,
Best Whey,ATLHETICA NUTRITION,Brigadeiro Gourmet,900g,,,
Best Whey,ATLHETICA NUTRITION,Chocolate Duplo,900g,,,
Best Whey,ATLHETICA NUTRITION,"Leite, Cacau & Avelã",900g,,,
Whey Protein 100% Concentrado,DARKNESS,Baunilha,"1,2Kg",,,
Whey Protein 100% Concentrado,DARKNESS,Chocolate Maltado,"1,2Kg",,,
Whey Protein 100% Gold,MUSCLE TECH,Chocolate ,907g,,,